[
  {
    "model": "vtuapp.customuser",
    "pk": 1842,
    "fields": {
      "password": "pbkdf2_sha256$216000$IuBnrBZ5OTQM$yTk14ETz41ziIvWfl19zvFZtkODUPNBu+lbvenbtxNo=",
      "last_login": "2021-10-11T01:55:36.856",
      "is_superuser": true,
      "username": "Administrator",
      "first_name": "",
      "last_name": "",
      "is_staff": true,
      "is_active": true,
      "date_joined": "2021-06-23T17:47:41",
      "email": "support@msorg.com",
      "FullName": null,
      "Address": null,
      "BankName": "",
      "AccountNumber": "",
      "Phone": "",
      "AccountName": "",
      "Account_Balance": 20000.0,
      "pin": "12345",
      "referer_username": null,
      "first_payment": false,
      "Referer_Bonus": 0.0,
      "user_type": "Smart Earner",
      "reservedaccountNumber": null,
      "reservedbankName": null,
      "reservedaccountReference": null,
      "Bonus": 0.0,
      "verify": false,
      "email_verify": true,
      "DOB": null,
      "Gender": null,
      "State_of_origin": null,
      "Local_gov_of_origin": null,
      "BVN": null,
      "passport_photogragh": "",
      "accounts": null,
      "groups": [],
      "user_permissions": []
    }
  },
  {
    "model": "vtuapp.websiteconfiguration",
    "pk": 1,
    "fields": {
      "primary_color": "#391EF8",
      "secondary_color": "#121068",
      "intro_message": "We offer you the most affordable and most cheapest data, airtime, Dstv, Gotv and Startimes subscription.\r\nHere is the right place for your Electricity subscription and also Convert your Airtime to Cash.",
      "sms_notification_number": "2349045232743",
      "support_phone_number": "2349045232743",
      "whatsapp_group_link": "https://wa.me/2349045232743",
      "gmail": "support@legitdata.com.ng",
      "manual_bank_funding_limit": 5000,
      "manual_bank_funding_info_message": "Your account will be suspended, if you submit without transfer \r\nPlease note that there is a charge of N50 if the amount greater than N9,999.",
      "Paystack_secret_key": null,
      "monnify_API_KEY": null,
      "monnify_SECRET_KEY": null,
      "monnify_contract_code": null,
      "ringo_email": null,
      "ringo_password": null,
      "vtpass_email": null,
      "vtpass_password": null,
      "hollatag_username": null,
      "hollatag_password": null,
      "sme_plug_secret_key": null,
      "simhost_API_key": null,
      "msplug_API_key": null,
      "vtu_auto_email": null,
      "vtu_auto_password": null,
      "mobilenig_username": null,
      "mobilenig_api_key": null,
      "idchecker_api_key": null,
      "uws_token": "",
      "qtopup_api_key": null,
      "msorg_web_url": null,
      "msorg_web_api_key": "",
      "msorg_web_url_2": null,
      "msorg_web_api_key_2": "",
      "msorg_web_url_3": null,
      "msorg_web_api_key_3": "",
      "affiliate_upgrade_fee": 2000,
      "affiliate_to_topuser_upgrade_fee": 3000,
      "topuser_upgrade_fee": 5000,
      "affiliate_referral_bonus": 250,
      "affiliate_to_topuser_referral_bonus": 250,
      "topuser_referral_bonus": 500,
      "ResultCheckerSource": "API",
      "Cable_provider": "VTPASS",
      "Bill_provider": "VTPASS",
      "disable_Transaction_limit": false,
      "unverified_users_daily_withdraws_limit": 1000,
      "unverified_users_transfer_limit": 500,
      "unverified_users_daily_transation_limit": 10000
    }
  },
  {
    "model": "vtuapp.wallet_funding",
    "pk": 39,
    "fields": {
      "user": 1842,
      "medium": "ADMIN WALLET FUNDING",
      "amount": "20000",
      "previous_balance": "0.0",
      "after_balance": "20000.0",
      "create_date": "2021-10-11T02:12:03.356",
      "ident": "160449684137cbc2e9"
    }
  },
  {
    "model": "vtuapp.transactions",
    "pk": 115,
    "fields": {
      "user": 1842,
      "amount": 20000.0,
      "balance_before": 0.0,
      "balance_after": 20000.0,
      "transaction_type": "CREDIT",
      "create_date": "2021-10-11T02:12:03.346"
    }
  },
  {
    "model": "vtuapp.wallet_summary",
    "pk": 92,
    "fields": {
      "user": 1842,
      "product": "Admin  Funding your wallet with sum of 20000",
      "amount": "20000",
      "previous_balance": "17670.0",
      "after_balance": "37670.0",
      "Status": "successful",
      "create_date": "2021-09-25T14:55:24.465",
      "ident": "1072696365124d1325"
    }
  },
  {
    "model": "vtuapp.wallet_summary",
    "pk": 93,
    "fields": {
      "user": 1842,
      "product": "MTN 500.0MB   N110.0  DATA topup  with 09045232743 ",
      "amount": "110.0",
      "previous_balance": "37670.0",
      "after_balance": "37560.0",
      "Status": "successful",
      "create_date": "2021-09-25T14:55:33.846",
      "ident": "849907366d04b0c98"
    }
  },
  {
    "model": "vtuapp.wallet_summary",
    "pk": 94,
    "fields": {
      "user": 1842,
      "product": "MTN 500.0MB   N110.0  DATA topup  with 09045232743 ",
      "amount": "110.0",
      "previous_balance": "37560.0",
      "after_balance": "37450.0",
      "Status": "successful",
      "create_date": "2021-09-25T14:59:50.852",
      "ident": "1726987256c8525e"
    }
  },
  {
    "model": "vtuapp.wallet_summary",
    "pk": 95,
    "fields": {
      "user": 1842,
      "product": "MTN 500.0MB   N110.0  DATA topup  with 09045232743 ",
      "amount": "110.0",
      "previous_balance": "37450.0",
      "after_balance": "37340.0",
      "Status": "successful",
      "create_date": "2021-09-25T15:01:03.558",
      "ident": "412385858af5477da"
    }
  },
  {
    "model": "vtuapp.wallet_summary",
    "pk": 96,
    "fields": {
      "user": 1842,
      "product": "Admin  Funding your wallet with sum of 20000",
      "amount": "20000",
      "previous_balance": "0.0",
      "after_balance": "20000.0",
      "Status": "successful",
      "create_date": "2021-10-11T02:12:03.360",
      "ident": "11827015754bfd875b"
    }
  },
  {
    "model": "vtuapp.network",
    "pk": 1,
    "fields": {
      "name": "MTN",
      "data_vending_medium": "VTPASS",
      "gifting_vending_medium": "SMEPLUG",
      "corporate_data_vending_medium": "UWS",
      "vtu_vending_medium": "VTPASS",
      "msorg_web_net_id": "1",
      "share_and_sell_vending_medium": "SIMHOST",
      "sme_disable": false,
      "gifting_disable": false,
      "corporate_gifting_disable": false,
      "airtime_disable": false,
      "data_disable": false,
      "recharge_pin_disable": false,
      "share_and_sell_disable": false,
      "awuf4u_disable": false
    }
  },
  {
    "model": "vtuapp.network",
    "pk": 2,
    "fields": {
      "name": "GLO",
      "data_vending_medium": "VTPASS",
      "gifting_vending_medium": null,
      "corporate_data_vending_medium": null,
      "vtu_vending_medium": "VTPASS",
      "msorg_web_net_id": "2",
      "share_and_sell_vending_medium": "SIMHOST",
      "sme_disable": false,
      "gifting_disable": false,
      "corporate_gifting_disable": false,
      "airtime_disable": false,
      "data_disable": false,
      "recharge_pin_disable": false,
      "share_and_sell_disable": false,
      "awuf4u_disable": false
    }
  },
  {
    "model": "vtuapp.network",
    "pk": 3,
    "fields": {
      "name": "9MOBILE",
      "data_vending_medium": "VTPASS",
      "gifting_vending_medium": null,
      "corporate_data_vending_medium": null,
      "vtu_vending_medium": "VTPASS",
      "msorg_web_net_id": "3",
      "share_and_sell_vending_medium": "SIMHOST",
      "sme_disable": false,
      "gifting_disable": false,
      "corporate_gifting_disable": false,
      "airtime_disable": false,
      "data_disable": false,
      "recharge_pin_disable": false,
      "share_and_sell_disable": false,
      "awuf4u_disable": false
    }
  },
  {
    "model": "vtuapp.network",
    "pk": 4,
    "fields": {
      "name": "AIRTEL",
      "data_vending_medium": "VTPASS",
      "gifting_vending_medium": null,
      "corporate_data_vending_medium": null,
      "vtu_vending_medium": "VTPASS",
      "msorg_web_net_id": "4",
      "share_and_sell_vending_medium": "SIMHOST",
      "sme_disable": false,
      "gifting_disable": false,
      "corporate_gifting_disable": false,
      "airtime_disable": false,
      "data_disable": false,
      "recharge_pin_disable": false,
      "share_and_sell_disable": false,
      "awuf4u_disable": false
    }
  },
  {
    "model": "vtuapp.network",
    "pk": 5,
    "fields": {
      "name": "SMILE",
      "data_vending_medium": "VTPASS",
      "gifting_vending_medium": null,
      "corporate_data_vending_medium": null,
      "vtu_vending_medium": "VTPASS",
      "msorg_web_net_id": "5",
      "share_and_sell_vending_medium": "SMS",
      "sme_disable": true,
      "gifting_disable": true,
      "corporate_gifting_disable": false,
      "airtime_disable": true,
      "data_disable": true,
      "recharge_pin_disable": true,
      "share_and_sell_disable": true,
      "awuf4u_disable": true
    }
  },
  {
    "model": "vtuapp.network_1",
    "pk": 1,
    "fields": { "name": "MTN", "status": "Strong" }
  },
  {
    "model": "vtuapp.network_1",
    "pk": 2,
    "fields": { "name": "AIRTEL", "status": "Strong" }
  },
  {
    "model": "vtuapp.charge_user",
    "pk": 5,
    "fields": {
      "username": "supersmooth",
      "amount": 100,
      "balance_before": 0.0,
      "balance_after": 0.0,
      "comment": "N200 pending wallet charge paid",
      "pending_amount": 0
    }
  },
  {
    "model": "vtuapp.charge_user",
    "pk": 6,
    "fields": {
      "username": "supersmooth",
      "amount": 500,
      "balance_before": 110.0,
      "balance_after": 0.0,
      "comment": "N1810 pending wallet charge paid",
      "pending_amount": 1810
    }
  },
  {
    "model": "vtuapp.charge_user",
    "pk": 7,
    "fields": {
      "username": "supersmooth",
      "amount": 2000,
      "balance_before": 1810.0,
      "balance_after": 10.0,
      "comment": "N0 pending wallet charge paid",
      "pending_amount": 0
    }
  },
  {
    "model": "vtuapp.charge_user",
    "pk": 8,
    "fields": {
      "username": "supersmooth",
      "amount": 500,
      "balance_before": 110.0,
      "balance_after": 110.0,
      "comment": "N390 pending wallet charge paid",
      "pending_amount": 0
    }
  },
  {
    "model": "vtuapp.charge_user",
    "pk": 9,
    "fields": {
      "username": "supersmooth",
      "amount": 500,
      "balance_before": 0.0,
      "balance_after": 210.0,
      "comment": "N290 pending wallet charge paid",
      "pending_amount": 0
    }
  },
  {
    "model": "vtuapp.fund_user",
    "pk": 13,
    "fields": {
      "username": "Administrator",
      "amount": 20000,
      "balance_before": 0.0,
      "balance_after": 20000.0
    }
  },
  {
    "model": "vtuapp.plan",
    "pk": 6,
    "fields": {
      "network": 1,
      "plan_size": 4.0,
      "plan_Volume": "GB",
      "plan_amount": 1200,
      "ussd_string": "*461*n*500*p#",
      "sms_command": "SMEB n 500 p",
      "plan_name_id": "135",
      "plan_name_id_2": null,
      "plan_name_id_3": null,
      "Affilliate_price": 1040,
      "TopUser_price": 1080,
      "api_price": 1000,
      "smeplug_id": "1",
      "vtpass_variation_code": null,
      "smeify_plan_name_id": "27",
      "uws_plan_name_id": null,
      "msplug_plan_name_id": null,
      "qtopup_id": null,
      "plan_type": "SME",
      "month_validate": "30 days"
    }
  },
  {
    "model": "vtuapp.plan",
    "pk": 7,
    "fields": {
      "network": 1,
      "plan_size": 1.0,
      "plan_Volume": "GB",
      "plan_amount": 300,
      "ussd_string": "*461*n*1000*p#",
      "sms_command": "SMEC n 1000 p",
      "plan_name_id": "137",
      "plan_name_id_2": null,
      "plan_name_id_3": null,
      "Affilliate_price": 260,
      "TopUser_price": 270,
      "api_price": 250,
      "smeplug_id": "2",
      "vtpass_variation_code": null,
      "smeify_plan_name_id": "24",
      "uws_plan_name_id": null,
      "msplug_plan_name_id": null,
      "qtopup_id": null,
      "plan_type": "SME",
      "month_validate": "30 days"
    }
  },
  {
    "model": "vtuapp.plan",
    "pk": 8,
    "fields": {
      "network": 1,
      "plan_size": 2.0,
      "plan_Volume": "GB",
      "plan_amount": 600,
      "ussd_string": "*461*n*2000*p#",
      "sms_command": "SMED n 2000 p",
      "plan_name_id": "138",
      "plan_name_id_2": null,
      "plan_name_id_3": null,
      "Affilliate_price": 520,
      "TopUser_price": 540,
      "api_price": 500,
      "smeplug_id": "3",
      "vtpass_variation_code": null,
      "smeify_plan_name_id": "25",
      "uws_plan_name_id": null,
      "msplug_plan_name_id": null,
      "qtopup_id": null,
      "plan_type": "SME",
      "month_validate": "30 days"
    }
  },
  {
    "model": "vtuapp.plan",
    "pk": 11,
    "fields": {
      "network": 1,
      "plan_size": 5.0,
      "plan_Volume": "GB",
      "plan_amount": 1500,
      "ussd_string": "*461*n*5000*p#",
      "sms_command": "SMEF n 5000 p",
      "plan_name_id": "140",
      "plan_name_id_2": null,
      "plan_name_id_3": null,
      "Affilliate_price": 1300,
      "TopUser_price": 1350,
      "api_price": 1250,
      "smeplug_id": "5",
      "vtpass_variation_code": null,
      "smeify_plan_name_id": "28",
      "uws_plan_name_id": null,
      "msplug_plan_name_id": null,
      "qtopup_id": null,
      "plan_type": "SME",
      "month_validate": "30 days"
    }
  },
  {
    "model": "vtuapp.plan",
    "pk": 43,
    "fields": {
      "network": 1,
      "plan_size": 10.0,
      "plan_Volume": "GB",
      "plan_amount": 2500,
      "ussd_string": null,
      "sms_command": null,
      "plan_name_id": "141",
      "plan_name_id_2": null,
      "plan_name_id_3": null,
      "Affilliate_price": 2500,
      "TopUser_price": 2500,
      "api_price": 2500,
      "smeplug_id": null,
      "vtpass_variation_code": null,
      "smeify_plan_name_id": "83",
      "uws_plan_name_id": null,
      "msplug_plan_name_id": null,
      "qtopup_id": "103",
      "plan_type": "GIFTING",
      "month_validate": "30 days"
    }
  },
  {
    "model": "vtuapp.plan",
    "pk": 44,
    "fields": {
      "network": 1,
      "plan_size": 3.0,
      "plan_Volume": "GB",
      "plan_amount": 900,
      "ussd_string": "*461*n*3000*p#",
      "sms_command": "SMEE n 3000 p",
      "plan_name_id": "139",
      "plan_name_id_2": null,
      "plan_name_id_3": null,
      "Affilliate_price": 780,
      "TopUser_price": 810,
      "api_price": 750,
      "smeplug_id": "4",
      "vtpass_variation_code": null,
      "smeify_plan_name_id": "26",
      "uws_plan_name_id": null,
      "msplug_plan_name_id": null,
      "qtopup_id": null,
      "plan_type": "SME",
      "month_validate": "30 days"
    }
  },
  {
    "model": "vtuapp.plan",
    "pk": 49,
    "fields": {
      "network": 1,
      "plan_size": 500.0,
      "plan_Volume": "MB",
      "plan_amount": 150,
      "ussd_string": null,
      "sms_command": null,
      "plan_name_id": "135",
      "plan_name_id_2": null,
      "plan_name_id_3": null,
      "Affilliate_price": 150,
      "TopUser_price": 150,
      "api_price": 150,
      "smeplug_id": null,
      "vtpass_variation_code": null,
      "smeify_plan_name_id": "82",
      "uws_plan_name_id": null,
      "msplug_plan_name_id": null,
      "qtopup_id": null,
      "plan_type": "GIFTING",
      "month_validate": "30 days"
    }
  },
  {
    "model": "vtuapp.plan",
    "pk": 50,
    "fields": {
      "network": 1,
      "plan_size": 20.0,
      "plan_Volume": "GB",
      "plan_amount": 4500,
      "ussd_string": null,
      "sms_command": null,
      "plan_name_id": "143",
      "plan_name_id_2": null,
      "plan_name_id_3": null,
      "Affilliate_price": 4500,
      "TopUser_price": 4500,
      "api_price": 4500,
      "smeplug_id": null,
      "vtpass_variation_code": null,
      "smeify_plan_name_id": "84",
      "uws_plan_name_id": null,
      "msplug_plan_name_id": null,
      "qtopup_id": "104",
      "plan_type": "GIFTING",
      "month_validate": "30 days"
    }
  },
  {
    "model": "vtuapp.plan",
    "pk": 51,
    "fields": {
      "network": 1,
      "plan_size": 40.0,
      "plan_Volume": "GB",
      "plan_amount": 9000,
      "ussd_string": null,
      "sms_command": null,
      "plan_name_id": "144",
      "plan_name_id_2": null,
      "plan_name_id_3": null,
      "Affilliate_price": 9000,
      "TopUser_price": 9000,
      "api_price": 9000,
      "smeplug_id": null,
      "vtpass_variation_code": null,
      "smeify_plan_name_id": "85",
      "uws_plan_name_id": null,
      "msplug_plan_name_id": null,
      "qtopup_id": "106",
      "plan_type": "GIFTING",
      "month_validate": "30 days"
    }
  },
  {
    "model": "vtuapp.plan",
    "pk": 52,
    "fields": {
      "network": 1,
      "plan_size": 15.0,
      "plan_Volume": "GB",
      "plan_amount": 3600,
      "ussd_string": null,
      "sms_command": null,
      "plan_name_id": "142",
      "plan_name_id_2": null,
      "plan_name_id_3": null,
      "Affilliate_price": 3600,
      "TopUser_price": 3600,
      "api_price": 3600,
      "smeplug_id": null,
      "vtpass_variation_code": null,
      "smeify_plan_name_id": "86",
      "uws_plan_name_id": null,
      "msplug_plan_name_id": null,
      "qtopup_id": null,
      "plan_type": "GIFTING",
      "month_validate": "30 days"
    }
  },
  {
    "model": "vtuapp.plan",
    "pk": 145,
    "fields": {
      "network": 4,
      "plan_size": 1.5,
      "plan_Volume": "GB",
      "plan_amount": 970,
      "ussd_string": "*141*6*2*1*7*1*n*p#",
      "sms_command": null,
      "plan_name_id": null,
      "plan_name_id_2": null,
      "plan_name_id_3": null,
      "Affilliate_price": 970,
      "TopUser_price": 970,
      "api_price": 960,
      "smeplug_id": "62",
      "vtpass_variation_code": null,
      "smeify_plan_name_id": "37",
      "uws_plan_name_id": null,
      "msplug_plan_name_id": null,
      "qtopup_id": null,
      "plan_type": "GIFTING",
      "month_validate": "30 days"
    }
  },
  {
    "model": "vtuapp.plan",
    "pk": 146,
    "fields": {
      "network": 4,
      "plan_size": 2.0,
      "plan_Volume": "GB",
      "plan_amount": 1160,
      "ussd_string": "*141*6*2*1*6*1*n*p#",
      "sms_command": null,
      "plan_name_id": null,
      "plan_name_id_2": null,
      "plan_name_id_3": null,
      "Affilliate_price": 1150,
      "TopUser_price": 1150,
      "api_price": 1150,
      "smeplug_id": "63",
      "vtpass_variation_code": null,
      "smeify_plan_name_id": "38",
      "uws_plan_name_id": null,
      "msplug_plan_name_id": null,
      "qtopup_id": null,
      "plan_type": "GIFTING",
      "month_validate": "30 days"
    }
  },
  {
    "model": "vtuapp.plan",
    "pk": 147,
    "fields": {
      "network": 4,
      "plan_size": 3.0,
      "plan_Volume": "GB",
      "plan_amount": 1455,
      "ussd_string": "*141*6*2*1*5*1*n*p#",
      "sms_command": null,
      "plan_name_id": null,
      "plan_name_id_2": null,
      "plan_name_id_3": null,
      "Affilliate_price": 1450,
      "TopUser_price": 1450,
      "api_price": 1450,
      "smeplug_id": "64",
      "vtpass_variation_code": null,
      "smeify_plan_name_id": "39",
      "uws_plan_name_id": null,
      "msplug_plan_name_id": null,
      "qtopup_id": null,
      "plan_type": "GIFTING",
      "month_validate": "30 days"
    }
  },
  {
    "model": "vtuapp.plan",
    "pk": 148,
    "fields": {
      "network": 4,
      "plan_size": 4.5,
      "plan_Volume": "GB",
      "plan_amount": 1940,
      "ussd_string": "*141*6*2*1*4*1*n*p#",
      "sms_command": null,
      "plan_name_id": null,
      "plan_name_id_2": null,
      "plan_name_id_3": null,
      "Affilliate_price": 1930,
      "TopUser_price": 1930,
      "api_price": 1930,
      "smeplug_id": "65",
      "vtpass_variation_code": null,
      "smeify_plan_name_id": "40",
      "uws_plan_name_id": null,
      "msplug_plan_name_id": null,
      "qtopup_id": null,
      "plan_type": "GIFTING",
      "month_validate": "30 days"
    }
  },
  {
    "model": "vtuapp.plan",
    "pk": 149,
    "fields": {
      "network": 4,
      "plan_size": 750.0,
      "plan_Volume": "MB",
      "plan_amount": 480,
      "ussd_string": "*141*6*2*1*3*1*n*p#",
      "sms_command": null,
      "plan_name_id": null,
      "plan_name_id_2": null,
      "plan_name_id_3": null,
      "Affilliate_price": 480,
      "TopUser_price": 480,
      "api_price": 480,
      "smeplug_id": "66",
      "vtpass_variation_code": null,
      "smeify_plan_name_id": "34",
      "uws_plan_name_id": null,
      "msplug_plan_name_id": null,
      "qtopup_id": null,
      "plan_type": "GIFTING",
      "month_validate": "14 days"
    }
  },
  {
    "model": "vtuapp.plan",
    "pk": 150,
    "fields": {
      "network": 4,
      "plan_size": 8.0,
      "plan_Volume": "GB",
      "plan_amount": 2910,
      "ussd_string": "*141*6*2*1*2*1*n*p#",
      "sms_command": null,
      "plan_name_id": null,
      "plan_name_id_2": null,
      "plan_name_id_3": null,
      "Affilliate_price": 2900,
      "TopUser_price": 2900,
      "api_price": 2900,
      "smeplug_id": "67",
      "vtpass_variation_code": null,
      "smeify_plan_name_id": "42",
      "uws_plan_name_id": null,
      "msplug_plan_name_id": null,
      "qtopup_id": null,
      "plan_type": "GIFTING",
      "month_validate": "30 days"
    }
  },
  {
    "model": "vtuapp.plan",
    "pk": 163,
    "fields": {
      "network": 4,
      "plan_size": 11.0,
      "plan_Volume": "GB",
      "plan_amount": 3880,
      "ussd_string": "*141*6*2*1*1*1*n*p#",
      "sms_command": null,
      "plan_name_id": null,
      "plan_name_id_2": null,
      "plan_name_id_3": null,
      "Affilliate_price": 3870,
      "TopUser_price": 3870,
      "api_price": 3870,
      "smeplug_id": "68",
      "vtpass_variation_code": null,
      "smeify_plan_name_id": "43",
      "uws_plan_name_id": null,
      "msplug_plan_name_id": null,
      "qtopup_id": null,
      "plan_type": "GIFTING",
      "month_validate": "30 days"
    }
  },
  {
    "model": "vtuapp.plan",
    "pk": 164,
    "fields": {
      "network": 4,
      "plan_size": 15.0,
      "plan_Volume": "GB",
      "plan_amount": 4850,
      "ussd_string": "*141*6*2*4*4*1*n*p#",
      "sms_command": null,
      "plan_name_id": null,
      "plan_name_id_2": null,
      "plan_name_id_3": null,
      "Affilliate_price": 4850,
      "TopUser_price": 4850,
      "api_price": 4850,
      "smeplug_id": "69",
      "vtpass_variation_code": null,
      "smeify_plan_name_id": "44",
      "uws_plan_name_id": null,
      "msplug_plan_name_id": null,
      "qtopup_id": null,
      "plan_type": "GIFTING",
      "month_validate": "30 days"
    }
  },
  {
    "model": "vtuapp.plan",
    "pk": 165,
    "fields": {
      "network": 4,
      "plan_size": 40.0,
      "plan_Volume": "GB",
      "plan_amount": 9600,
      "ussd_string": "*141*6*2*4*3*1*n*p#",
      "sms_command": null,
      "plan_name_id": null,
      "plan_name_id_2": null,
      "plan_name_id_3": null,
      "Affilliate_price": 9600,
      "TopUser_price": 9600,
      "api_price": 9600,
      "smeplug_id": "70",
      "vtpass_variation_code": null,
      "smeify_plan_name_id": "45",
      "uws_plan_name_id": null,
      "msplug_plan_name_id": null,
      "qtopup_id": null,
      "plan_type": "GIFTING",
      "month_validate": "30 days"
    }
  },
  {
    "model": "vtuapp.plan",
    "pk": 182,
    "fields": {
      "network": 3,
      "plan_size": 500.0,
      "plan_Volume": "MB",
      "plan_amount": 450,
      "ussd_string": "*229*2*12*n#",
      "sms_command": null,
      "plan_name_id": null,
      "plan_name_id_2": null,
      "plan_name_id_3": null,
      "Affilliate_price": 450,
      "TopUser_price": 450,
      "api_price": 450,
      "smeplug_id": "85",
      "vtpass_variation_code": null,
      "smeify_plan_name_id": "55",
      "uws_plan_name_id": null,
      "msplug_plan_name_id": null,
      "qtopup_id": null,
      "plan_type": "GIFTING",
      "month_validate": "30 days{Gifting}"
    }
  },
  {
    "model": "vtuapp.plan",
    "pk": 183,
    "fields": {
      "network": 3,
      "plan_size": 1.5,
      "plan_Volume": "GB",
      "plan_amount": 900,
      "ussd_string": "*229*2*7*n#",
      "sms_command": null,
      "plan_name_id": null,
      "plan_name_id_2": null,
      "plan_name_id_3": null,
      "Affilliate_price": 900,
      "TopUser_price": 900,
      "api_price": 900,
      "smeplug_id": "75",
      "vtpass_variation_code": null,
      "smeify_plan_name_id": "56",
      "uws_plan_name_id": null,
      "msplug_plan_name_id": null,
      "qtopup_id": null,
      "plan_type": "GIFTING",
      "month_validate": "30 days{Gifting}"
    }
  },
  {
    "model": "vtuapp.plan",
    "pk": 184,
    "fields": {
      "network": 3,
      "plan_size": 2.0,
      "plan_Volume": "GB",
      "plan_amount": 1080,
      "ussd_string": "*229*2*25*n#",
      "sms_command": null,
      "plan_name_id": null,
      "plan_name_id_2": null,
      "plan_name_id_3": null,
      "Affilliate_price": 1080,
      "TopUser_price": 1080,
      "api_price": 1080,
      "smeplug_id": "76",
      "vtpass_variation_code": null,
      "smeify_plan_name_id": "57",
      "uws_plan_name_id": null,
      "msplug_plan_name_id": null,
      "qtopup_id": null,
      "plan_type": "GIFTING",
      "month_validate": "30 days{Gifting}"
    }
  },
  {
    "model": "vtuapp.plan",
    "pk": 185,
    "fields": {
      "network": 3,
      "plan_size": 3.0,
      "plan_Volume": "GB",
      "plan_amount": 1350,
      "ussd_string": "*229*2*3*n#",
      "sms_command": null,
      "plan_name_id": null,
      "plan_name_id_2": null,
      "plan_name_id_3": null,
      "Affilliate_price": 1350,
      "TopUser_price": 1350,
      "api_price": 1350,
      "smeplug_id": "77",
      "vtpass_variation_code": null,
      "smeify_plan_name_id": "58",
      "uws_plan_name_id": null,
      "msplug_plan_name_id": null,
      "qtopup_id": null,
      "plan_type": "GIFTING",
      "month_validate": "30 days{Gifting}"
    }
  },
  {
    "model": "vtuapp.plan",
    "pk": 186,
    "fields": {
      "network": 3,
      "plan_size": 4.5,
      "plan_Volume": "GB",
      "plan_amount": 1800,
      "ussd_string": "*229*2*8*n#",
      "sms_command": null,
      "plan_name_id": null,
      "plan_name_id_2": null,
      "plan_name_id_3": null,
      "Affilliate_price": 1800,
      "TopUser_price": 1800,
      "api_price": 1800,
      "smeplug_id": "78",
      "vtpass_variation_code": null,
      "smeify_plan_name_id": "59",
      "uws_plan_name_id": null,
      "msplug_plan_name_id": null,
      "qtopup_id": null,
      "plan_type": "GIFTING",
      "month_validate": "30 days{Gifting}"
    }
  },
  {
    "model": "vtuapp.plan",
    "pk": 187,
    "fields": {
      "network": 3,
      "plan_size": 11.0,
      "plan_Volume": "GB",
      "plan_amount": 3600,
      "ussd_string": "*229*2*36*n#",
      "sms_command": null,
      "plan_name_id": null,
      "plan_name_id_2": null,
      "plan_name_id_3": null,
      "Affilliate_price": 3600,
      "TopUser_price": 3600,
      "api_price": 3600,
      "smeplug_id": "79",
      "vtpass_variation_code": null,
      "smeify_plan_name_id": "60",
      "uws_plan_name_id": null,
      "msplug_plan_name_id": null,
      "qtopup_id": null,
      "plan_type": "GIFTING",
      "month_validate": "30 days{Gifting}"
    }
  },
  {
    "model": "vtuapp.plan",
    "pk": 188,
    "fields": {
      "network": 3,
      "plan_size": 15.0,
      "plan_Volume": "GB",
      "plan_amount": 4500,
      "ussd_string": "*229*2*37*n#",
      "sms_command": null,
      "plan_name_id": null,
      "plan_name_id_2": null,
      "plan_name_id_3": null,
      "Affilliate_price": 4500,
      "TopUser_price": 4500,
      "api_price": 4500,
      "smeplug_id": "80",
      "vtpass_variation_code": null,
      "smeify_plan_name_id": "61",
      "uws_plan_name_id": null,
      "msplug_plan_name_id": null,
      "qtopup_id": null,
      "plan_type": "GIFTING",
      "month_validate": "30 days{Gifting}"
    }
  },
  {
    "model": "vtuapp.plan",
    "pk": 189,
    "fields": {
      "network": 3,
      "plan_size": 40.0,
      "plan_Volume": "GB",
      "plan_amount": 9000,
      "ussd_string": "*229*4*1*n#",
      "sms_command": null,
      "plan_name_id": null,
      "plan_name_id_2": null,
      "plan_name_id_3": null,
      "Affilliate_price": 9000,
      "TopUser_price": 9000,
      "api_price": 9000,
      "smeplug_id": "81",
      "vtpass_variation_code": null,
      "smeify_plan_name_id": "62",
      "uws_plan_name_id": null,
      "msplug_plan_name_id": null,
      "qtopup_id": null,
      "plan_type": "GIFTING",
      "month_validate": "30 days{Gifting}"
    }
  },
  {
    "model": "vtuapp.plan",
    "pk": 190,
    "fields": {
      "network": 3,
      "plan_size": 75.0,
      "plan_Volume": "GB",
      "plan_amount": 13500,
      "ussd_string": "*229*2*4*n#",
      "sms_command": null,
      "plan_name_id": null,
      "plan_name_id_2": null,
      "plan_name_id_3": null,
      "Affilliate_price": 13500,
      "TopUser_price": 13500,
      "api_price": 13500,
      "smeplug_id": "82",
      "vtpass_variation_code": null,
      "smeify_plan_name_id": "63",
      "uws_plan_name_id": null,
      "msplug_plan_name_id": null,
      "qtopup_id": null,
      "plan_type": "GIFTING",
      "month_validate": "30 days{Gifting}"
    }
  },
  {
    "model": "vtuapp.plan",
    "pk": 191,
    "fields": {
      "network": 4,
      "plan_size": 75.0,
      "plan_Volume": "GB",
      "plan_amount": 14400,
      "ussd_string": "*141*6*2*4*2*1*n*p#",
      "sms_command": null,
      "plan_name_id": null,
      "plan_name_id_2": null,
      "plan_name_id_3": null,
      "Affilliate_price": 14400,
      "TopUser_price": 14400,
      "api_price": 14400,
      "smeplug_id": "71",
      "vtpass_variation_code": null,
      "smeify_plan_name_id": "46",
      "uws_plan_name_id": null,
      "msplug_plan_name_id": null,
      "qtopup_id": null,
      "plan_type": "GIFTING",
      "month_validate": "30 days"
    }
  },
  {
    "model": "vtuapp.plan",
    "pk": 192,
    "fields": {
      "network": 4,
      "plan_size": 6.0,
      "plan_Volume": "GB",
      "plan_amount": 2425,
      "ussd_string": "*141*6*2*2*1*1*n*p#",
      "sms_command": null,
      "plan_name_id": null,
      "plan_name_id_2": null,
      "plan_name_id_3": null,
      "Affilliate_price": 2420,
      "TopUser_price": 2420,
      "api_price": 2420,
      "smeplug_id": "66",
      "vtpass_variation_code": null,
      "smeify_plan_name_id": "41",
      "uws_plan_name_id": null,
      "msplug_plan_name_id": null,
      "qtopup_id": null,
      "plan_type": "GIFTING",
      "month_validate": "30days"
    }
  },
  {
    "model": "vtuapp.plan",
    "pk": 193,
    "fields": {
      "network": 4,
      "plan_size": 110.0,
      "plan_Volume": "GB",
      "plan_amount": 19200,
      "ussd_string": "*141*6*2*4*1*1*n*p#",
      "sms_command": null,
      "plan_name_id": null,
      "plan_name_id_2": null,
      "plan_name_id_3": null,
      "Affilliate_price": 19200,
      "TopUser_price": 19200,
      "api_price": 19200,
      "smeplug_id": "72",
      "vtpass_variation_code": null,
      "smeify_plan_name_id": "47",
      "uws_plan_name_id": null,
      "msplug_plan_name_id": null,
      "qtopup_id": null,
      "plan_type": "GIFTING",
      "month_validate": "30 days"
    }
  },
  {
    "model": "vtuapp.plan",
    "pk": 194,
    "fields": {
      "network": 2,
      "plan_size": 1.05,
      "plan_Volume": "GB",
      "plan_amount": 450,
      "ussd_string": "*127*57*p#",
      "sms_command": "*127*57*p#",
      "plan_name_id": null,
      "plan_name_id_2": null,
      "plan_name_id_3": null,
      "Affilliate_price": 440,
      "TopUser_price": 440,
      "api_price": 435,
      "smeplug_id": "49",
      "vtpass_variation_code": null,
      "smeify_plan_name_id": "4",
      "uws_plan_name_id": null,
      "msplug_plan_name_id": null,
      "qtopup_id": null,
      "plan_type": "GIFTING",
      "month_validate": "30days"
    }
  },
  {
    "model": "vtuapp.plan",
    "pk": 195,
    "fields": {
      "network": 2,
      "plan_size": 2.9,
      "plan_Volume": "GB",
      "plan_amount": 900,
      "ussd_string": "*127*53*p#",
      "sms_command": "*127*53*p#",
      "plan_name_id": null,
      "plan_name_id_2": null,
      "plan_name_id_3": null,
      "Affilliate_price": 870,
      "TopUser_price": 860,
      "api_price": 860,
      "smeplug_id": "39",
      "vtpass_variation_code": null,
      "smeify_plan_name_id": "5",
      "uws_plan_name_id": null,
      "msplug_plan_name_id": null,
      "qtopup_id": null,
      "plan_type": "GIFTING",
      "month_validate": "30days"
    }
  },
  {
    "model": "vtuapp.plan",
    "pk": 196,
    "fields": {
      "network": 2,
      "plan_size": 4.1,
      "plan_Volume": "GB",
      "plan_amount": 1350,
      "ussd_string": "*127*16*p#",
      "sms_command": "*127*16*p#",
      "plan_name_id": null,
      "plan_name_id_2": null,
      "plan_name_id_3": null,
      "Affilliate_price": 1305,
      "TopUser_price": 1305,
      "api_price": 1290,
      "smeplug_id": "52",
      "vtpass_variation_code": null,
      "smeify_plan_name_id": "6",
      "uws_plan_name_id": null,
      "msplug_plan_name_id": null,
      "qtopup_id": null,
      "plan_type": "GIFTING",
      "month_validate": "30days"
    }
  },
  {
    "model": "vtuapp.plan",
    "pk": 197,
    "fields": {
      "network": 2,
      "plan_size": 5.8,
      "plan_Volume": "GB",
      "plan_amount": 1800,
      "ussd_string": "*127*55*p#",
      "sms_command": "*127*55*p#",
      "plan_name_id": null,
      "plan_name_id_2": null,
      "plan_name_id_3": null,
      "Affilliate_price": 1720,
      "TopUser_price": 1740,
      "api_price": 1710,
      "smeplug_id": "48",
      "vtpass_variation_code": null,
      "smeify_plan_name_id": "8",
      "uws_plan_name_id": null,
      "msplug_plan_name_id": null,
      "qtopup_id": null,
      "plan_type": "GIFTING",
      "month_validate": "30days"
    }
  },
  {
    "model": "vtuapp.plan",
    "pk": 198,
    "fields": {
      "network": 2,
      "plan_size": 7.7,
      "plan_Volume": "GB",
      "plan_amount": 2250,
      "ussd_string": "*127*58*p#",
      "sms_command": "*127*58*p#",
      "plan_name_id": null,
      "plan_name_id_2": null,
      "plan_name_id_3": null,
      "Affilliate_price": 2180,
      "TopUser_price": 2180,
      "api_price": 2175,
      "smeplug_id": "44",
      "vtpass_variation_code": null,
      "smeify_plan_name_id": "9",
      "uws_plan_name_id": null,
      "msplug_plan_name_id": null,
      "qtopup_id": null,
      "plan_type": "GIFTING",
      "month_validate": "30days"
    }
  },
  {
    "model": "vtuapp.plan",
    "pk": 199,
    "fields": {
      "network": 2,
      "plan_size": 10.0,
      "plan_Volume": "GB",
      "plan_amount": 2700,
      "ussd_string": "*127*54*p#",
      "sms_command": "*127*54*p#",
      "plan_name_id": null,
      "plan_name_id_2": null,
      "plan_name_id_3": null,
      "Affilliate_price": 2600,
      "TopUser_price": 2610,
      "api_price": 2600,
      "smeplug_id": "47",
      "vtpass_variation_code": null,
      "smeify_plan_name_id": "10",
      "uws_plan_name_id": null,
      "msplug_plan_name_id": null,
      "qtopup_id": null,
      "plan_type": "GIFTING",
      "month_validate": "30 days"
    }
  },
  {
    "model": "vtuapp.plan",
    "pk": 200,
    "fields": {
      "network": 2,
      "plan_size": 13.25,
      "plan_Volume": "GB",
      "plan_amount": 3600,
      "ussd_string": "*127*59*p#",
      "sms_command": "*127*59*p#",
      "plan_name_id": null,
      "plan_name_id_2": null,
      "plan_name_id_3": null,
      "Affilliate_price": 3480,
      "TopUser_price": 3480,
      "api_price": 3480,
      "smeplug_id": "43",
      "vtpass_variation_code": null,
      "smeify_plan_name_id": "11",
      "uws_plan_name_id": null,
      "msplug_plan_name_id": null,
      "qtopup_id": null,
      "plan_type": "GIFTING",
      "month_validate": "30days"
    }
  },
  {
    "model": "vtuapp.plan",
    "pk": 201,
    "fields": {
      "network": 2,
      "plan_size": 18.25,
      "plan_Volume": "GB",
      "plan_amount": 4500,
      "ussd_string": "*127*2*p#",
      "sms_command": "*127*2*p#",
      "plan_name_id": null,
      "plan_name_id_2": null,
      "plan_name_id_3": null,
      "Affilliate_price": 4350,
      "TopUser_price": 4350,
      "api_price": 4350,
      "smeplug_id": "41",
      "vtpass_variation_code": null,
      "smeify_plan_name_id": "12",
      "uws_plan_name_id": null,
      "msplug_plan_name_id": null,
      "qtopup_id": null,
      "plan_type": "GIFTING",
      "month_validate": "30days"
    }
  },
  {
    "model": "vtuapp.plan",
    "pk": 202,
    "fields": {
      "network": 2,
      "plan_size": 29.5,
      "plan_Volume": "GB",
      "plan_amount": 7200,
      "ussd_string": "*127*1*p#",
      "sms_command": "*127*1*p#",
      "plan_name_id": null,
      "plan_name_id_2": null,
      "plan_name_id_3": null,
      "Affilliate_price": 6960,
      "TopUser_price": 6960,
      "api_price": 6960,
      "smeplug_id": "40",
      "vtpass_variation_code": null,
      "smeify_plan_name_id": "13",
      "uws_plan_name_id": null,
      "msplug_plan_name_id": null,
      "qtopup_id": null,
      "plan_type": "GIFTING",
      "month_validate": "30days"
    }
  },
  {
    "model": "vtuapp.plan",
    "pk": 203,
    "fields": {
      "network": 2,
      "plan_size": 50.0,
      "plan_Volume": "GB",
      "plan_amount": 9000,
      "ussd_string": "*127*11*p#",
      "sms_command": "*127*11*p#",
      "plan_name_id": null,
      "plan_name_id_2": null,
      "plan_name_id_3": null,
      "Affilliate_price": 8700,
      "TopUser_price": 8700,
      "api_price": 8700,
      "smeplug_id": "54",
      "vtpass_variation_code": null,
      "smeify_plan_name_id": "14",
      "uws_plan_name_id": null,
      "msplug_plan_name_id": null,
      "qtopup_id": null,
      "plan_type": "GIFTING",
      "month_validate": "30 days"
    }
  },
  {
    "model": "vtuapp.plan",
    "pk": 204,
    "fields": {
      "network": 2,
      "plan_size": 93.0,
      "plan_Volume": "GB",
      "plan_amount": 13050,
      "ussd_string": "*127*12*p#",
      "sms_command": "*127*12*p#",
      "plan_name_id": null,
      "plan_name_id_2": null,
      "plan_name_id_3": null,
      "Affilliate_price": 13050,
      "TopUser_price": 13050,
      "api_price": 13050,
      "smeplug_id": "42",
      "vtpass_variation_code": null,
      "smeify_plan_name_id": "15",
      "uws_plan_name_id": null,
      "msplug_plan_name_id": null,
      "qtopup_id": null,
      "plan_type": "GIFTING",
      "month_validate": "30days"
    }
  },
  {
    "model": "vtuapp.plan",
    "pk": 205,
    "fields": {
      "network": 2,
      "plan_size": 119.0,
      "plan_Volume": "GB",
      "plan_amount": 16200,
      "ussd_string": "*127*13*p#",
      "sms_command": "*127*13*p#",
      "plan_name_id": null,
      "plan_name_id_2": null,
      "plan_name_id_3": null,
      "Affilliate_price": 15660,
      "TopUser_price": 15660,
      "api_price": 15660,
      "smeplug_id": "45",
      "vtpass_variation_code": null,
      "smeify_plan_name_id": "16",
      "uws_plan_name_id": null,
      "msplug_plan_name_id": null,
      "qtopup_id": null,
      "plan_type": "GIFTING",
      "month_validate": "30days"
    }
  },
  {
    "model": "vtuapp.plan",
    "pk": 206,
    "fields": {
      "network": 2,
      "plan_size": 138.0,
      "plan_Volume": "GB",
      "plan_amount": 18000,
      "ussd_string": "*127*33*p#",
      "sms_command": "*127*33*p#",
      "plan_name_id": null,
      "plan_name_id_2": null,
      "plan_name_id_3": null,
      "Affilliate_price": 17400,
      "TopUser_price": 17400,
      "api_price": 17400,
      "smeplug_id": "51",
      "vtpass_variation_code": null,
      "smeify_plan_name_id": "17",
      "uws_plan_name_id": null,
      "msplug_plan_name_id": null,
      "qtopup_id": null,
      "plan_type": "GIFTING",
      "month_validate": "30 days"
    }
  },
  {
    "model": "vtuapp.plan",
    "pk": 208,
    "fields": {
      "network": 1,
      "plan_size": 1.0,
      "plan_Volume": "GB",
      "plan_amount": 300,
      "ussd_string": null,
      "sms_command": null,
      "plan_name_id": "137",
      "plan_name_id_2": null,
      "plan_name_id_3": null,
      "Affilliate_price": 260,
      "TopUser_price": 270,
      "api_price": 250,
      "smeplug_id": null,
      "vtpass_variation_code": null,
      "smeify_plan_name_id": null,
      "uws_plan_name_id": null,
      "msplug_plan_name_id": null,
      "qtopup_id": null,
      "plan_type": "GIFTING",
      "month_validate": "30 days"
    }
  },
  {
    "model": "vtuapp.plan",
    "pk": 209,
    "fields": {
      "network": 1,
      "plan_size": 2.0,
      "plan_Volume": "GB",
      "plan_amount": 600,
      "ussd_string": null,
      "sms_command": null,
      "plan_name_id": "138",
      "plan_name_id_2": null,
      "plan_name_id_3": null,
      "Affilliate_price": 520,
      "TopUser_price": 540,
      "api_price": 500,
      "smeplug_id": null,
      "vtpass_variation_code": null,
      "smeify_plan_name_id": null,
      "uws_plan_name_id": null,
      "msplug_plan_name_id": null,
      "qtopup_id": null,
      "plan_type": "GIFTING",
      "month_validate": "30 days"
    }
  },
  {
    "model": "vtuapp.plan",
    "pk": 210,
    "fields": {
      "network": 1,
      "plan_size": 3.0,
      "plan_Volume": "GB",
      "plan_amount": 900,
      "ussd_string": null,
      "sms_command": null,
      "plan_name_id": "139",
      "plan_name_id_2": null,
      "plan_name_id_3": null,
      "Affilliate_price": 780,
      "TopUser_price": 810,
      "api_price": 750,
      "smeplug_id": null,
      "vtpass_variation_code": null,
      "smeify_plan_name_id": null,
      "uws_plan_name_id": null,
      "msplug_plan_name_id": null,
      "qtopup_id": null,
      "plan_type": "GIFTING",
      "month_validate": "30days"
    }
  },
  {
    "model": "vtuapp.plan",
    "pk": 211,
    "fields": {
      "network": 1,
      "plan_size": 5.0,
      "plan_Volume": "GB",
      "plan_amount": 1500,
      "ussd_string": null,
      "sms_command": null,
      "plan_name_id": null,
      "plan_name_id_2": null,
      "plan_name_id_3": null,
      "Affilliate_price": 1300,
      "TopUser_price": 1350,
      "api_price": 1250,
      "smeplug_id": null,
      "vtpass_variation_code": null,
      "smeify_plan_name_id": null,
      "uws_plan_name_id": null,
      "msplug_plan_name_id": null,
      "qtopup_id": null,
      "plan_type": "GIFTING",
      "month_validate": "30 days"
    }
  },
  {
    "model": "vtuapp.plan",
    "pk": 212,
    "fields": {
      "network": 1,
      "plan_size": 500.0,
      "plan_Volume": "MB",
      "plan_amount": 110,
      "ussd_string": null,
      "sms_command": null,
      "plan_name_id": null,
      "plan_name_id_2": null,
      "plan_name_id_3": null,
      "Affilliate_price": 110,
      "TopUser_price": 110,
      "api_price": 110,
      "smeplug_id": null,
      "vtpass_variation_code": null,
      "smeify_plan_name_id": null,
      "uws_plan_name_id": "1",
      "msplug_plan_name_id": null,
      "qtopup_id": null,
      "plan_type": "CORPORATE GIFTING",
      "month_validate": "30 days"
    }
  },
  {
    "model": "vtuapp.disable_service",
    "pk": 1,
    "fields": { "service": "Data", "disable": false }
  },
  {
    "model": "vtuapp.disable_service",
    "pk": 2,
    "fields": { "service": "Airtime", "disable": false }
  },
  {
    "model": "vtuapp.disable_service",
    "pk": 3,
    "fields": { "service": "Cablesub", "disable": false }
  },
  {
    "model": "vtuapp.disable_service",
    "pk": 4,
    "fields": { "service": "Bill", "disable": false }
  },
  {
    "model": "vtuapp.disable_service",
    "pk": 5,
    "fields": { "service": "Bankpayment", "disable": false }
  },
  {
    "model": "vtuapp.disable_service",
    "pk": 6,
    "fields": { "service": "Monnify ATM", "disable": false }
  },
  {
    "model": "vtuapp.disable_service",
    "pk": 7,
    "fields": { "service": "Monnfy bank", "disable": false }
  },
  {
    "model": "vtuapp.disable_service",
    "pk": 8,
    "fields": { "service": "paystack", "disable": false }
  },
  {
    "model": "vtuapp.disable_service",
    "pk": 9,
    "fields": { "service": "Airtime_Funding", "disable": false }
  },
  {
    "model": "vtuapp.disable_service",
    "pk": 10,
    "fields": { "service": "Bulk sms", "disable": false }
  },
  {
    "model": "vtuapp.disable_service",
    "pk": 11,
    "fields": { "service": "Recharge_printing", "disable": false }
  },
  {
    "model": "vtuapp.disable_service",
    "pk": 12,
    "fields": { "service": "Result_checker", "disable": false }
  },
  {
    "model": "vtuapp.smeifyauth",
    "pk": 1,
    "fields": {
      "username": "enter username",
      "password": "enter password",
      "token": "",
      "expire_date": null,
      "re_auth": false
    }
  },
  {
    "model": "vtuapp.info_alert",
    "pk": 9,
    "fields": { "message": "Welcome to legitdata!", "image": "" }
  },
  {
    "model": "vtuapp.percentage",
    "pk": 1,
    "fields": { "network": 1, "percent": 80 }
  },
  {
    "model": "vtuapp.percentage",
    "pk": 2,
    "fields": { "network": 2, "percent": 82 }
  },
  {
    "model": "vtuapp.percentage",
    "pk": 3,
    "fields": { "network": 3, "percent": 70 }
  },
  {
    "model": "vtuapp.percentage",
    "pk": 4,
    "fields": { "network": 4, "percent": 79 }
  },
  {
    "model": "vtuapp.topuppercentage",
    "pk": 1,
    "fields": {
      "network": 1,
      "percent": 98,
      "Affilliate_percent": 100,
      "topuser_percent": 100,
      "api_percent": 100,
      "share_n_sell_percent": 100,
      "share_n_sell_api_percent": 100,
      "share_n_sell_affilliate_percent": 100,
      "share_n_sell_topuser_percent": 100,
      "awuf4u_percent": 100,
      "awuf4u_api_percent": 100,
      "awuf4u_affilliate_percent": 100,
      "awuf4u_topuser_percent": 100,
      "commission": 0.0
    }
  },
  {
    "model": "vtuapp.topuppercentage",
    "pk": 2,
    "fields": {
      "network": 2,
      "percent": 97,
      "Affilliate_percent": 100,
      "topuser_percent": 100,
      "api_percent": 100,
      "share_n_sell_percent": 100,
      "share_n_sell_api_percent": 100,
      "share_n_sell_affilliate_percent": 100,
      "share_n_sell_topuser_percent": 100,
      "awuf4u_percent": 100,
      "awuf4u_api_percent": 100,
      "awuf4u_affilliate_percent": 100,
      "awuf4u_topuser_percent": 100,
      "commission": 0.0
    }
  },
  {
    "model": "vtuapp.topuppercentage",
    "pk": 3,
    "fields": {
      "network": 3,
      "percent": 98,
      "Affilliate_percent": 100,
      "topuser_percent": 100,
      "api_percent": 100,
      "share_n_sell_percent": 100,
      "share_n_sell_api_percent": 100,
      "share_n_sell_affilliate_percent": 100,
      "share_n_sell_topuser_percent": 100,
      "awuf4u_percent": 100,
      "awuf4u_api_percent": 100,
      "awuf4u_affilliate_percent": 100,
      "awuf4u_topuser_percent": 100,
      "commission": 0.0
    }
  },
  {
    "model": "vtuapp.topuppercentage",
    "pk": 4,
    "fields": {
      "network": 4,
      "percent": 98,
      "Affilliate_percent": 100,
      "topuser_percent": 100,
      "api_percent": 100,
      "share_n_sell_percent": 100,
      "share_n_sell_api_percent": 100,
      "share_n_sell_affilliate_percent": 100,
      "share_n_sell_topuser_percent": 100,
      "awuf4u_percent": 100,
      "awuf4u_api_percent": 100,
      "awuf4u_affilliate_percent": 100,
      "awuf4u_topuser_percent": 100,
      "commission": 0.0
    }
  },
  {
    "model": "vtuapp.servicescharge",
    "pk": 1,
    "fields": {
      "service": "Bill",
      "charge": 5.0,
      "Affilliate_charge": 0.0,
      "topuser_charge": 0.0,
      "api_charge": 0.0,
      "discount": 0.0,
      "Affilliate_discount": 0.0,
      "topuser_discount": 0.0,
      "api_discount": 0.0
    }
  },
  {
    "model": "vtuapp.servicescharge",
    "pk": 2,
    "fields": {
      "service": "Cablesub",
      "charge": 0.0,
      "Affilliate_charge": 0.0,
      "topuser_charge": 0.0,
      "api_charge": 0.0,
      "discount": 0.5,
      "Affilliate_discount": 0.0,
      "topuser_discount": 0.0,
      "api_discount": 0.0
    }
  },
  {
    "model": "vtuapp.airtime_to_data_plan",
    "pk": 1,
    "fields": {
      "network": 1,
      "plan_size": 1.0,
      "plan_Volume": "GB",
      "plan_amount": 600,
      "month_validate": "3"
    }
  },
  {
    "model": "vtuapp.airtime_to_data_plan",
    "pk": 2,
    "fields": {
      "network": 1,
      "plan_size": 2.0,
      "plan_Volume": "GB",
      "plan_amount": 1200,
      "month_validate": "3"
    }
  },
  {
    "model": "vtuapp.airtime_to_data_plan",
    "pk": 3,
    "fields": {
      "network": 2,
      "plan_size": 1.5,
      "plan_Volume": "GB",
      "plan_amount": 1200,
      "month_validate": "1"
    }
  },
  {
    "model": "vtuapp.airtime_to_data_plan",
    "pk": 4,
    "fields": {
      "network": 2,
      "plan_size": 3.5,
      "plan_Volume": "GB",
      "plan_amount": 2300,
      "month_validate": "1"
    }
  },
  {
    "model": "vtuapp.airtime_to_data_plan",
    "pk": 5,
    "fields": {
      "network": 1,
      "plan_size": 3.0,
      "plan_Volume": "GB",
      "plan_amount": 1700,
      "month_validate": "3"
    }
  },
  {
    "model": "vtuapp.admin_number",
    "pk": 5,
    "fields": { "network": "MTN", "phone_number": "090373462xx" }
  },
  {
    "model": "vtuapp.admin_number",
    "pk": 6,
    "fields": { "network": "AIRTEL", "phone_number": "09017661814" }
  },
  {
    "model": "vtuapp.admin_number",
    "pk": 7,
    "fields": { "network": "9MOBILE", "phone_number": "08174987075" }
  },
  {
    "model": "vtuapp.admin_number",
    "pk": 8,
    "fields": { "network": "GLO", "phone_number": "08056775962" }
  },
  {
    "model": "vtuapp.result_checker_pin",
    "pk": 3,
    "fields": {
      "exam_name": "WAEC",
      "provider_amount": 1700.0,
      "disable_this_exam": false,
      "provider_api": "MOBILENIG",
      "amount": 1800.0,
      "Affilliate_price": 1750.0,
      "TopUser_price": 1750.0,
      "api_price": 1750.0
    }
  },
  {
    "model": "vtuapp.result_checker_pin",
    "pk": 4,
    "fields": {
      "exam_name": "NECO",
      "provider_amount": 1700.0,
      "disable_this_exam": false,
      "provider_api": "MOBILENIG",
      "amount": 1800.0,
      "Affilliate_price": 1750.0,
      "TopUser_price": 1750.0,
      "api_price": 1750.0
    }
  },
  {
    "model": "vtuapp.recharge",
    "pk": 1,
    "fields": {
      "network": 1,
      "available": true,
      "amount": 100.0,
      "amount_to_pay": 98.0,
      "Affilliate_price": 100.0,
      "TopUser_price": 96.0,
      "api_price": 100.0
    }
  },
  {
    "model": "vtuapp.recharge",
    "pk": 2,
    "fields": {
      "network": 1,
      "available": true,
      "amount": 200.0,
      "amount_to_pay": 198.0,
      "Affilliate_price": 100.0,
      "TopUser_price": 100.0,
      "api_price": 100.0
    }
  },
  {
    "model": "vtuapp.recharge",
    "pk": 3,
    "fields": {
      "network": 1,
      "available": true,
      "amount": 500.0,
      "amount_to_pay": 498.0,
      "Affilliate_price": 100.0,
      "TopUser_price": 100.0,
      "api_price": 100.0
    }
  },
  {
    "model": "vtuapp.recharge",
    "pk": 4,
    "fields": {
      "network": 2,
      "available": true,
      "amount": 100.0,
      "amount_to_pay": 97.0,
      "Affilliate_price": 100.0,
      "TopUser_price": 100.0,
      "api_price": 100.0
    }
  },
  {
    "model": "vtuapp.recharge",
    "pk": 5,
    "fields": {
      "network": 2,
      "available": true,
      "amount": 200.0,
      "amount_to_pay": 197.0,
      "Affilliate_price": 100.0,
      "TopUser_price": 100.0,
      "api_price": 100.0
    }
  },
  {
    "model": "vtuapp.recharge",
    "pk": 6,
    "fields": {
      "network": 2,
      "available": true,
      "amount": 500.0,
      "amount_to_pay": 497.0,
      "Affilliate_price": 100.0,
      "TopUser_price": 100.0,
      "api_price": 100.0
    }
  },
  {
    "model": "vtuapp.recharge",
    "pk": 7,
    "fields": {
      "network": 3,
      "available": true,
      "amount": 100.0,
      "amount_to_pay": 97.0,
      "Affilliate_price": 100.0,
      "TopUser_price": 100.0,
      "api_price": 100.0
    }
  },
  {
    "model": "vtuapp.recharge",
    "pk": 8,
    "fields": {
      "network": 3,
      "available": true,
      "amount": 200.0,
      "amount_to_pay": 197.0,
      "Affilliate_price": 100.0,
      "TopUser_price": 100.0,
      "api_price": 100.0
    }
  },
  {
    "model": "vtuapp.recharge",
    "pk": 9,
    "fields": {
      "network": 3,
      "available": true,
      "amount": 500.0,
      "amount_to_pay": 497.0,
      "Affilliate_price": 100.0,
      "TopUser_price": 100.0,
      "api_price": 100.0
    }
  },
  {
    "model": "vtuapp.recharge",
    "pk": 10,
    "fields": {
      "network": 4,
      "available": true,
      "amount": 100.0,
      "amount_to_pay": 98.0,
      "Affilliate_price": 100.0,
      "TopUser_price": 100.0,
      "api_price": 100.0
    }
  },
  {
    "model": "vtuapp.recharge",
    "pk": 11,
    "fields": {
      "network": 4,
      "available": true,
      "amount": 200.0,
      "amount_to_pay": 198.0,
      "Affilliate_price": 100.0,
      "TopUser_price": 100.0,
      "api_price": 100.0
    }
  },
  {
    "model": "vtuapp.recharge",
    "pk": 12,
    "fields": {
      "network": 4,
      "available": true,
      "amount": 500.0,
      "amount_to_pay": 497.0,
      "Affilliate_price": 100.0,
      "TopUser_price": 100.0,
      "api_price": 100.0
    }
  },
  {
    "model": "vtuapp.couponcode",
    "pk": 1,
    "fields": {
      "Coupon_Code": "ft6vo9c47 o9x78",
      "amount": "100",
      "create_date": "2020-04-12T12:34:29",
      "ident": "84070e",
      "Used": true
    }
  },
  {
    "model": "vtuapp.couponcode",
    "pk": 2,
    "fields": {
      "Coupon_Code": "wtyewtye67437er",
      "amount": "1000",
      "create_date": "2020-11-15T00:12:19",
      "ident": "82163968179151b19",
      "Used": false
    }
  },
  {
    "model": "vtuapp.couponcode",
    "pk": 3,
    "fields": {
      "Coupon_Code": "developerTest",
      "amount": "1000",
      "create_date": "2021-05-19T02:24:01",
      "ident": "166164581546b7e26a",
      "Used": true
    }
  },
  {
    "model": "vtuapp.data",
    "pk": 12,
    "fields": {
      "user": 1842,
      "network": 1,
      "plan": 212,
      "data_type": "CORPORATE GIFTING",
      "mobile_number": "09045232743",
      "Status": "successful",
      "medium": "API",
      "create_date": "2021-09-25T15:01:05.777",
      "balance_before": "37450.0",
      "balance_after": "37340.0",
      "plan_amount": "110.0",
      "Ported_number": true,
      "refund": false,
      "ident": "6101f73ad95-6e3a-407c-96a0-162a85aa6496",
      "provider_source": null
    }
  },
  {
    "model": "vtuapp.sme_text",
    "pk": 1,
    "fields": {
      "network": 1,
      "number": "2349061901864",
      "pin": "9737",
      "sim_host_server_id_for_airtime": null,
      "sim_host_server_id_for_data": null,
      "vtu_sim_slot": null,
      "data_sim_slot": null,
      "mtn_sme_route": "SMS",
      "msplug_device_id": null,
      "msplug_sim_slot": null,
      "vtu_pin": "SMEPLUG",
      "share_and_sell_pin": null,
      "vtu_auto_device_id": null
    }
  },
  {
    "model": "vtuapp.sme_text",
    "pk": 2,
    "fields": {
      "network": 2,
      "number": "2347034486614",
      "pin": "12345",
      "sim_host_server_id_for_airtime": null,
      "sim_host_server_id_for_data": null,
      "vtu_sim_slot": null,
      "data_sim_slot": null,
      "mtn_sme_route": null,
      "msplug_device_id": null,
      "msplug_sim_slot": null,
      "vtu_pin": "SMEPLUG",
      "share_and_sell_pin": null,
      "vtu_auto_device_id": null
    }
  },
  {
    "model": "vtuapp.sme_text",
    "pk": 3,
    "fields": {
      "network": 4,
      "number": "09037346247",
      "pin": "12345",
      "sim_host_server_id_for_airtime": null,
      "sim_host_server_id_for_data": null,
      "vtu_sim_slot": null,
      "data_sim_slot": null,
      "mtn_sme_route": null,
      "msplug_device_id": null,
      "msplug_sim_slot": null,
      "vtu_pin": "1234",
      "share_and_sell_pin": null,
      "vtu_auto_device_id": null
    }
  },
  {
    "model": "vtuapp.sme_text",
    "pk": 4,
    "fields": {
      "network": 3,
      "number": "09037346247",
      "pin": null,
      "sim_host_server_id_for_airtime": null,
      "sim_host_server_id_for_data": null,
      "vtu_sim_slot": null,
      "data_sim_slot": null,
      "mtn_sme_route": null,
      "msplug_device_id": null,
      "msplug_sim_slot": null,
      "vtu_pin": null,
      "share_and_sell_pin": null,
      "vtu_auto_device_id": null
    }
  },
  {
    "model": "vtuapp.btc_rate",
    "pk": 1,
    "fields": {
      "rate": "Selling_rate",
      "btc_wallet_address": "3AgwsSRjKVAytMMmXVNLQkUgncnkpsTk2W",
      "amount": 405.0
    }
  },
  {
    "model": "vtuapp.btc_rate",
    "pk": 2,
    "fields": {
      "rate": "Buying_rate",
      "btc_wallet_address": "3AgwsSRjKVAytMMmXVNLQkUgncnkpsTk2W",
      "amount": 360.0
    }
  },
  {
    "model": "vtuapp.testimonial",
    "pk": 1,
    "fields": {
      "user": null,
      "message": "hello",
      "create_date": "2019-03-02T21:02:27"
    }
  },
  {
    "model": "vtuapp.testimonial",
    "pk": 2,
    "fields": {
      "user": null,
      "message": "thans",
      "create_date": "2019-03-02T21:02:39"
    }
  },
  {
    "model": "vtuapp.testimonial",
    "pk": 5,
    "fields": {
      "user": null,
      "message": "Can I be a reseller?",
      "create_date": "2019-03-18T23:29:56"
    }
  },
  {
    "model": "vtuapp.testimonial",
    "pk": 6,
    "fields": {
      "user": null,
      "message": "Fast and reliable",
      "create_date": "2019-03-18T23:30:34"
    }
  },
  {
    "model": "vtuapp.automation_control",
    "pk": 1,
    "fields": { "Network_good": false, "network_name": 2 }
  },
  {
    "model": "vtuapp.automation_control",
    "pk": 2,
    "fields": { "Network_good": true, "network_name": 1 }
  },
  {
    "model": "vtuapp.cable",
    "pk": 1,
    "fields": { "name": "GOTV", "status": "Strong", "vending_api": null }
  },
  {
    "model": "vtuapp.cable",
    "pk": 2,
    "fields": { "name": "DSTV", "status": "Strong", "vending_api": null }
  },
  {
    "model": "vtuapp.cable",
    "pk": 3,
    "fields": { "name": "STARTIME", "status": "Strong", "vending_api": null }
  },
  {
    "model": "vtuapp.cableplan",
    "pk": 2,
    "fields": {
      "cablename": 1,
      "plan_amount": 3600,
      "product_code": "gotv-max",
      "package": "GOtv Max",
      "hasAddon": false,
      "Addon_name": null,
      "addoncode": null,
      "commission": 0
    }
  },
  {
    "model": "vtuapp.cableplan",
    "pk": 5,
    "fields": {
      "cablename": 2,
      "plan_amount": 20295,
      "product_code": "ASIAE36",
      "package": "Asian Bouqet",
      "hasAddon": false,
      "Addon_name": null,
      "addoncode": null,
      "commission": 0
    }
  },
  {
    "model": "vtuapp.cableplan",
    "pk": 6,
    "fields": {
      "cablename": 2,
      "plan_amount": 2565,
      "product_code": "dstv-yanga",
      "package": "DStv Yanga",
      "hasAddon": false,
      "Addon_name": null,
      "addoncode": null,
      "commission": 0
    }
  },
  {
    "model": "vtuapp.cableplan",
    "pk": 7,
    "fields": {
      "cablename": 2,
      "plan_amount": 7900,
      "product_code": "dstv79",
      "package": "DStv Compact",
      "hasAddon": false,
      "Addon_name": null,
      "addoncode": null,
      "commission": 0
    }
  },
  {
    "model": "vtuapp.cableplan",
    "pk": 8,
    "fields": {
      "cablename": 2,
      "plan_amount": 12400,
      "product_code": "dstv7",
      "package": "DStv Compact Plus",
      "hasAddon": false,
      "Addon_name": null,
      "addoncode": null,
      "commission": 0
    }
  },
  {
    "model": "vtuapp.cableplan",
    "pk": 9,
    "fields": {
      "cablename": 2,
      "plan_amount": 18400,
      "product_code": "dstv3",
      "package": "DStv Premium",
      "hasAddon": false,
      "Addon_name": null,
      "addoncode": null,
      "commission": 0
    }
  },
  {
    "model": "vtuapp.cableplan",
    "pk": 10,
    "fields": {
      "cablename": 3,
      "plan_amount": 900,
      "product_code": null,
      "package": "NOVA",
      "hasAddon": false,
      "Addon_name": null,
      "addoncode": null,
      "commission": 0
    }
  },
  {
    "model": "vtuapp.cableplan",
    "pk": 11,
    "fields": {
      "cablename": 3,
      "plan_amount": 2500,
      "product_code": "classic",
      "package": "Classic - 2,500 Naira - 1 Mont",
      "hasAddon": false,
      "Addon_name": null,
      "addoncode": null,
      "commission": 0
    }
  },
  {
    "model": "vtuapp.cableplan",
    "pk": 12,
    "fields": {
      "cablename": 3,
      "plan_amount": 1700,
      "product_code": "basic",
      "package": "Basic - 1,700 Naira - 1 Month",
      "hasAddon": false,
      "Addon_name": null,
      "addoncode": null,
      "commission": 0
    }
  },
  {
    "model": "vtuapp.cableplan",
    "pk": 13,
    "fields": {
      "cablename": 3,
      "plan_amount": 2200,
      "product_code": "smart",
      "package": "Smart - 2,200 Naira - 1 Month",
      "hasAddon": false,
      "Addon_name": null,
      "addoncode": null,
      "commission": 0
    }
  },
  {
    "model": "vtuapp.cableplan",
    "pk": 14,
    "fields": {
      "cablename": 3,
      "plan_amount": 900,
      "product_code": "nova",
      "package": "Nova - 900 Naira - 1 Month",
      "hasAddon": false,
      "Addon_name": null,
      "addoncode": null,
      "commission": 0
    }
  },
  {
    "model": "vtuapp.cableplan",
    "pk": 15,
    "fields": {
      "cablename": 3,
      "plan_amount": 4200,
      "product_code": "super",
      "package": "Super - 4,200 Naira - 1 Month",
      "hasAddon": false,
      "Addon_name": null,
      "addoncode": null,
      "commission": 0
    }
  },
  {
    "model": "vtuapp.cableplan",
    "pk": 16,
    "fields": {
      "cablename": 1,
      "plan_amount": 1640,
      "product_code": "gotv-jinja",
      "package": "GOtv Jinja",
      "hasAddon": false,
      "Addon_name": null,
      "addoncode": null,
      "commission": 0
    }
  },
  {
    "model": "vtuapp.cableplan",
    "pk": 17,
    "fields": {
      "cablename": 1,
      "plan_amount": 2460,
      "product_code": "gotv-jolli",
      "package": "GOtv Jolli",
      "hasAddon": false,
      "Addon_name": null,
      "addoncode": null,
      "commission": 0
    }
  },
  {
    "model": "vtuapp.cableplan",
    "pk": 18,
    "fields": {
      "cablename": 1,
      "plan_amount": 792,
      "product_code": "GOHAN",
      "package": "GOtv Smallie",
      "hasAddon": false,
      "Addon_name": null,
      "addoncode": null,
      "commission": 0
    }
  },
  {
    "model": "vtuapp.cableplan",
    "pk": 19,
    "fields": {
      "cablename": 2,
      "plan_amount": 4615,
      "product_code": "dstv-confam",
      "package": "DStv Confam",
      "hasAddon": false,
      "Addon_name": null,
      "addoncode": null,
      "commission": 0
    }
  },
  {
    "model": "vtuapp.cableplan",
    "pk": 20,
    "fields": {
      "cablename": 2,
      "plan_amount": 1850,
      "product_code": "dstv-padi",
      "package": "DStv Padi",
      "hasAddon": false,
      "Addon_name": null,
      "addoncode": null,
      "commission": 0
    }
  },
  {
    "model": "vtuapp.cableplan",
    "pk": 21,
    "fields": {
      "cablename": 2,
      "plan_amount": 1500,
      "product_code": "GWALLE36",
      "package": "DStv Great Wall Standalone",
      "hasAddon": false,
      "Addon_name": null,
      "addoncode": null,
      "commission": 0
    }
  },
  {
    "model": "vtuapp.cableplan",
    "pk": 23,
    "fields": {
      "cablename": 2,
      "plan_amount": 6200,
      "product_code": "dstv6",
      "package": "DStv Asia",
      "hasAddon": false,
      "Addon_name": null,
      "addoncode": null,
      "commission": 0
    }
  },
  {
    "model": "vtuapp.cableplan",
    "pk": 24,
    "fields": {
      "cablename": 2,
      "plan_amount": 25550,
      "product_code": "dstv9",
      "package": "DStv Premium French",
      "hasAddon": false,
      "Addon_name": null,
      "addoncode": null,
      "commission": 0
    }
  },
  {
    "model": "vtuapp.cableplan",
    "pk": 25,
    "fields": {
      "cablename": 2,
      "plan_amount": 20500,
      "product_code": "dstv10",
      "package": "DStv Premium Asia",
      "hasAddon": false,
      "Addon_name": null,
      "addoncode": null,
      "commission": 0
    }
  },
  {
    "model": "vtuapp.cableplan",
    "pk": 26,
    "fields": {
      "cablename": 2,
      "plan_amount": 7115,
      "product_code": "confam-extra",
      "package": "DStv Confam + ExtraView",
      "hasAddon": false,
      "Addon_name": null,
      "addoncode": null,
      "commission": 0
    }
  },
  {
    "model": "vtuapp.cableplan",
    "pk": 27,
    "fields": {
      "cablename": 2,
      "plan_amount": 5065,
      "product_code": "yanga-extra",
      "package": "DStv Yanga + ExtraView",
      "hasAddon": false,
      "Addon_name": null,
      "addoncode": null,
      "commission": 0
    }
  },
  {
    "model": "vtuapp.cableplan",
    "pk": 28,
    "fields": {
      "cablename": 2,
      "plan_amount": 4350,
      "product_code": "padi-extra",
      "package": "DStv Padi + ExtraView",
      "hasAddon": false,
      "Addon_name": null,
      "addoncode": null,
      "commission": 0
    }
  },
  {
    "model": "vtuapp.cableplan",
    "pk": 29,
    "fields": {
      "cablename": 2,
      "plan_amount": 10400,
      "product_code": "dstv30",
      "package": "DStv Compact + Extra View",
      "hasAddon": false,
      "Addon_name": null,
      "addoncode": null,
      "commission": 0
    }
  },
  {
    "model": "vtuapp.cableplan",
    "pk": 30,
    "fields": {
      "cablename": 2,
      "plan_amount": 20900,
      "product_code": "dstv33",
      "package": "DStv Premium + Extra View",
      "hasAddon": false,
      "Addon_name": null,
      "addoncode": null,
      "commission": 0
    }
  },
  {
    "model": "vtuapp.cableplan",
    "pk": 31,
    "fields": {
      "cablename": 2,
      "plan_amount": 14900,
      "product_code": "dstv45",
      "package": "DStv Compact Plus - Extra View",
      "hasAddon": false,
      "Addon_name": null,
      "addoncode": null,
      "commission": 0
    }
  },
  {
    "model": "vtuapp.cableplan",
    "pk": 32,
    "fields": {
      "cablename": 2,
      "plan_amount": 2500,
      "product_code": "hdpvr-access-service",
      "package": "DStv HDPVR Access Service",
      "hasAddon": false,
      "Addon_name": null,
      "addoncode": null,
      "commission": 0
    }
  },
  {
    "model": "vtuapp.cableplan",
    "pk": 33,
    "fields": {
      "cablename": 2,
      "plan_amount": 2500,
      "product_code": "extraview-access",
      "package": "ExtraView Access",
      "hasAddon": false,
      "Addon_name": null,
      "addoncode": null,
      "commission": 0
    }
  },
  {
    "model": "vtuapp.cableplan",
    "pk": 34,
    "fields": {
      "cablename": 1,
      "plan_amount": 800,
      "product_code": "gotv-smallie",
      "package": "GOtv Smallie - Monthly",
      "hasAddon": false,
      "Addon_name": null,
      "addoncode": null,
      "commission": 0
    }
  },
  {
    "model": "vtuapp.cableplan",
    "pk": 35,
    "fields": {
      "cablename": 1,
      "plan_amount": 2100,
      "product_code": "gotv-smallie-3months",
      "package": "GOtv Smallie - Quarterly",
      "hasAddon": false,
      "Addon_name": null,
      "addoncode": null,
      "commission": 0
    }
  },
  {
    "model": "vtuapp.cableplan",
    "pk": 36,
    "fields": {
      "cablename": 1,
      "plan_amount": 6200,
      "product_code": "gotv-smallie-1year",
      "package": "GOtv Smallie - Yearly",
      "hasAddon": false,
      "Addon_name": null,
      "addoncode": null,
      "commission": 0
    }
  },
  {
    "model": "vtuapp.cableplan",
    "pk": 37,
    "fields": {
      "cablename": 3,
      "plan_amount": 300,
      "product_code": "nova-weekly",
      "package": "Nova - 300 Naira - 1 Week",
      "hasAddon": false,
      "Addon_name": null,
      "addoncode": null,
      "commission": 0
    }
  },
  {
    "model": "vtuapp.cableplan",
    "pk": 38,
    "fields": {
      "cablename": 3,
      "plan_amount": 600,
      "product_code": "basic-weekly",
      "package": "Basic - 600 Naira - 1 Week",
      "hasAddon": false,
      "Addon_name": null,
      "addoncode": null,
      "commission": 0
    }
  },
  {
    "model": "vtuapp.cableplan",
    "pk": 39,
    "fields": {
      "cablename": 3,
      "plan_amount": 700,
      "product_code": "smart-weekly",
      "package": "Smart - 700 Naira - 1 Week",
      "hasAddon": false,
      "Addon_name": null,
      "addoncode": null,
      "commission": 0
    }
  },
  {
    "model": "vtuapp.cableplan",
    "pk": 40,
    "fields": {
      "cablename": 3,
      "plan_amount": 1200,
      "product_code": "classic-weekly",
      "package": "Classic - 1200 Naira - 1 Week",
      "hasAddon": false,
      "Addon_name": null,
      "addoncode": null,
      "commission": 0
    }
  },
  {
    "model": "vtuapp.cableplan",
    "pk": 41,
    "fields": {
      "cablename": 3,
      "plan_amount": 1500,
      "product_code": "super-weekly",
      "package": "Super - 1,500 Naira - 1 Week",
      "hasAddon": false,
      "Addon_name": null,
      "addoncode": null,
      "commission": 0
    }
  },
  {
    "model": "vtuapp.cableplan",
    "pk": 42,
    "fields": {
      "cablename": 3,
      "plan_amount": 90,
      "product_code": "nova-daily",
      "package": "Nova - 90 Naira - 1 Day",
      "hasAddon": false,
      "Addon_name": null,
      "addoncode": null,
      "commission": 0
    }
  },
  {
    "model": "vtuapp.cableplan",
    "pk": 43,
    "fields": {
      "cablename": 3,
      "plan_amount": 160,
      "product_code": "basic-daily",
      "package": "Basic - 160 Naira - 1 Day",
      "hasAddon": false,
      "Addon_name": null,
      "addoncode": null,
      "commission": 0
    }
  },
  {
    "model": "vtuapp.cableplan",
    "pk": 44,
    "fields": {
      "cablename": 3,
      "plan_amount": 200,
      "product_code": "smart-daily",
      "package": "Smart - 200 Naira - 1 Day",
      "hasAddon": false,
      "Addon_name": null,
      "addoncode": null,
      "commission": 0
    }
  },
  {
    "model": "vtuapp.cableplan",
    "pk": 45,
    "fields": {
      "cablename": 3,
      "plan_amount": 320,
      "product_code": "classic-daily",
      "package": "Classic - 320 Naira - 1 Day",
      "hasAddon": false,
      "Addon_name": null,
      "addoncode": null,
      "commission": 0
    }
  },
  {
    "model": "vtuapp.cableplan",
    "pk": 46,
    "fields": {
      "cablename": 3,
      "plan_amount": 400,
      "product_code": "super-daily",
      "package": "Super - 400 Naira - 1 Day",
      "hasAddon": false,
      "Addon_name": null,
      "addoncode": null,
      "commission": 0
    }
  },
  {
    "model": "vtuapp.disco_provider_name",
    "pk": 1,
    "fields": { "name": "Ikeja Electric", "p_id": "IKEDC", "commission": 0 }
  },
  {
    "model": "vtuapp.disco_provider_name",
    "pk": 2,
    "fields": { "name": "Eko Electric", "p_id": "EKEDC", "commission": 0 }
  },
  {
    "model": "vtuapp.disco_provider_name",
    "pk": 3,
    "fields": { "name": "Abuja Electric", "p_id": "AEDC", "commission": 0 }
  },
  {
    "model": "vtuapp.disco_provider_name",
    "pk": 4,
    "fields": { "name": "Kano Electric", "p_id": "KEDC", "commission": 0 }
  },
  {
    "model": "vtuapp.disco_provider_name",
    "pk": 5,
    "fields": { "name": "Enugu Electric", "p_id": "EEDC", "commission": 0 }
  },
  {
    "model": "vtuapp.disco_provider_name",
    "pk": 6,
    "fields": {
      "name": "Port Harcourt Electric",
      "p_id": "PHEDC",
      "commission": 0
    }
  },
  {
    "model": "vtuapp.disco_provider_name",
    "pk": 7,
    "fields": { "name": "Ibadan Electric", "p_id": "IBEDC", "commission": 0 }
  },
  {
    "model": "vtuapp.disco_provider_name",
    "pk": 8,
    "fields": { "name": "Kaduna Electric", "p_id": "KAEDC", "commission": 0 }
  },
  {
    "model": "vtuapp.disco_provider_name",
    "pk": 9,
    "fields": { "name": "Jos Electric", "p_id": "JEDC", "commission": 0 }
  },
  {
    "model": "vtuapp.disco_provider_name",
    "pk": 10,
    "fields": { "name": "Benin Electric", "p_id": "BEDC", "commission": 0 }
  },
  {
    "model": "vtuapp.disco_provider_name",
    "pk": 11,
    "fields": { "name": "Yola Electric", "p_id": "YEDC", "commission": 0 }
  },
  {
    "model": "vtuapp.frequentlyaskedquestion",
    "pk": 1,
    "fields": {
      "question": "How can I purchase data from you?",
      "answer": "STEP 1: Fund your wallet.\r\nSTEP 2: Fill the data order form. \r\nSTEP 3: Wait for 5-15 minutes, the recipient will receive  notification(s) of data recharge(Except for 9mobile(SME), which should be confirmed with its balance code)"
    }
  },
  {
    "model": "vtuapp.frequentlyaskedquestion",
    "pk": 2,
    "fields": {
      "question": "How can i check my Data Balance?",
      "answer": "MTN = *461*4#\r\n9mobile[SME] = *229*9#\r\n9mobile[Gifting] = *228#\r\nAirtel = *140#\r\nGlo = *127*0#"
    }
  },
  {
    "model": "vtuapp.frequentlyaskedquestion",
    "pk": 3,
    "fields": {
      "question": "How can I fund my wallet?",
      "answer": "You can fund your wallet using any of our three payment means:\r\n\r\n1. Bank payment\r\n\r\n2. Online Payment with your ATM card details via Pay stack Payment Gateway\r\n\r\n3. Payment with airtime\r\n\r\n4. Payment with Coupon Code(s)."
    }
  },
  {
    "model": "vtuapp.frequentlyaskedquestion",
    "pk": 4,
    "fields": {
      "question": "Can I share the data I buy from you with another line?",
      "answer": "You can only share glo data plans, mtn, 9MOBILE and airtel data cant be shared."
    }
  },
  {
    "model": "vtuapp.frequentlyaskedquestion",
    "pk": 5,
    "fields": {
      "question": "How can I be your agent?",
      "answer": "Our Products can be retailed, as they are affordable. You can retail our Products to others and make profit.\r\nJust make sure your wallet is funded, then you can easily purchase for anyone you wish."
    }
  },
  {
    "model": "vtuapp.frequentlyaskedquestion",
    "pk": 6,
    "fields": {
      "question": "Can I send airtime to you for data bundle?",
      "answer": "Yes you can, but payment with airtime attracts little additional charge. Kindly fund your wallet with airtime."
    }
  },
  {
    "model": "vtuapp.frequentlyaskedquestion",
    "pk": 7,
    "fields": {
      "question": "Are your data plans legit?",
      "answer": "Yea, we are third party data vendors. We buy in bulk from network providers and resell."
    }
  },
  {
    "model": "vtuapp.frequentlyaskedquestion",
    "pk": 8,
    "fields": {
      "question": "Hope the data won't get exhausted quickly or  disappear?",
      "answer": "Our data plans are sourced from the network providers,  therefore consumption rate is similar to the data gotten directly from them"
    }
  },
  {
    "model": "vtuapp.frequentlyaskedquestion",
    "pk": 9,
    "fields": {
      "question": "What are the other products/services you offer?",
      "answer": "We sell Cheap Internet Data Plans,  Airtime VTU on MTN, 9MOBILE, GLO and AIRTEL, we Convert Airtime To Cash, Airtime Swap, Bills Payment (GOTV, DSTV, STARTIMES)."
    }
  },
  {
    "model": "vtuapp.frequentlyaskedquestion",
    "pk": 10,
    "fields": {
      "question": "What if my order was cancelled but my wallet was not  refunded?",
      "answer": "You can contact our customer care agent through the live chat or via whatsapp, by clicking on the whatsapp button on the bottom left of the website"
    }
  },
  {
    "model": "vtuapp.frequentlyaskedquestion",
    "pk": 11,
    "fields": {
      "question": "Is this data plan compatible with all devices?",
      "answer": "Yes, it is compatible with all devices."
    }
  },
  {
    "model": "vtuapp.retailwebfrequentlyaskedquestion",
    "pk": 1,
    "fields": {
      "question": "What's the retailers website all about?",
      "answer": "legitdata designs websites for her retailers. \r\n\r\nThis website offers all the various products and services offered on legitdata. \r\nThe website uses the same software that powers legitdata but different homepage. legitdata handles all the technicalities, while retailers can focus on making money."
    }
  },
  {
    "model": "vtuapp.retailwebfrequentlyaskedquestion",
    "pk": 2,
    "fields": {
      "question": "Do I have to send orders made on my website to legitdata?",
      "answer": "No, you don't have to, \r\nlegitdata retailers websites are connected directly to legitdata in such a way that all orders made on retailers websites are automatically sent to legitdata in the name of the owner of the website"
    }
  },
  {
    "model": "vtuapp.retailwebfrequentlyaskedquestion",
    "pk": 3,
    "fields": {
      "question": "Who handles the customer service?",
      "answer": "The owner of the retailer website handles the customer service. \r\nThe retailer will update his/her phone number for clients to contact him directly"
    }
  },
  {
    "model": "vtuapp.retailwebfrequentlyaskedquestion",
    "pk": 4,
    "fields": {
      "question": "Are there discounts for retailers?",
      "answer": "Yes, though our rates on legitdata is already at wholesales, but we also give discounts for our retailers, so retailers can add intended profit. \r\n\r\nFor instance, If a product for our retailer costs #295 such can be sold by retailers at #330 or more on his website"
    }
  },
  {
    "model": "vtuapp.retailwebfrequentlyaskedquestion",
    "pk": 5,
    "fields": {
      "question": "Can I know the prices for each products?",
      "answer": "We have many products naming each products will take a bit of time but I guarantee you will like our retailer prices such as MTN 1GB is 295 and glo 2gb is 900. \r\n\r\nPlease note that these prices are subjected to change at any time, the increament in price will be rear to to the reduction in price, as we are working tirelessly for you to get it cheaper"
    }
  },
  {
    "model": "vtuapp.retailwebfrequentlyaskedquestion",
    "pk": 6,
    "fields": {
      "question": "Will I be able to set my prices, bank account details and other informations?",
      "answer": "Yes. You can set all that."
    }
  },
  {
    "model": "vtuapp.retailwebfrequentlyaskedquestion",
    "pk": 7,
    "fields": {
      "question": "Is wallet funding also automated on Retailers website ?",
      "answer": "Retailers website support both manual and automated funding. If your clients pay you through payment gateway it is automated but if they pay into your bank account you credit their wallet manually. This doesn't take time and it's easy to do."
    }
  },
  {
    "model": "vtuapp.retailwebfrequentlyaskedquestion",
    "pk": 8,
    "fields": {
      "question": "Can I control this website my myself?",
      "answer": "Sure, our easy step by step manual guide will guide you through the process, it is simple as ABC."
    }
  },
  {
    "model": "vtuapp.retailwebfrequentlyaskedquestion",
    "pk": 9,
    "fields": {
      "question": "Can I manage the website with my phone?",
      "answer": "In as much your phone can access the internet, you can manage your website with it."
    }
  },
  {
    "model": "vtuapp.retailwebfrequentlyaskedquestion",
    "pk": 10,
    "fields": {
      "question": "Does the package include Mobile App?",
      "answer": "No. We do not have Mobile App for retailer websites. But if you insist to have one it will cost you additional #30,000"
    }
  },
  {
    "model": "vtuapp.retailwebfrequentlyaskedquestion",
    "pk": 11,
    "fields": {
      "question": "How much do I need to get started?",
      "answer": "You can start with any amount. After getting your retailer's website at #45,000 ; you can start with a capital of #5,000 to #45,000"
    }
  },
  {
    "model": "vtuapp.retailwebfrequentlyaskedquestion",
    "pk": 12,
    "fields": {
      "question": "How sure am I that I will get good ROI on my investment?",
      "answer": "Of course, legitdata services are what people use everyday, in as much you have members registered on your site, you will forever make money on such site"
    }
  },
  {
    "model": "vtuapp.retailwebfrequentlyaskedquestion",
    "pk": 13,
    "fields": {
      "question": "How long will it take for the website to be ready?",
      "answer": "It takes 7days after your payment. You don't have to contact us, we shall contact you immediately your website is ready."
    }
  },
  {
    "model": "vtuapp.retailwebfrequentlyaskedquestion",
    "pk": 14,
    "fields": {
      "question": "How much can I make on such website?",
      "answer": "Your profit is totally dependent on you. It is indefinite. The number of sales you make determines your profit."
    }
  },
  {
    "model": "vtuapp.retailwebfrequentlyaskedquestion",
    "pk": 15,
    "fields": {
      "question": "Can I view orders made from my website?",
      "answer": "Yes, the record and status of all orders made on retailer's website can be viewed by the admin of the website."
    }
  },
  {
    "model": "vtuapp.retailwebfrequentlyaskedquestion",
    "pk": 16,
    "fields": {
      "question": "How do I get started?",
      "answer": "Get yourself a good domain name. You need to ensure the domain name is available; to do this, download an application on playstore called DOMAIN NAME SEARCH. After getting an available domain name, Fund your legitdata wallet with the required amount. To order for your retailer website, contact admin or click on the WHATSAPP icon on the left bottom on our page"
    }
  },
  {
    "model": "vtuapp.retailwebfrequentlyaskedquestion",
    "pk": 17,
    "fields": {
      "question": "So, how much does it cost to get a retailer website and what do I need to provide?",
      "answer": "Getting a retailer website only costs #15,000 + #5000 for SSL security making #45,000 with annual due of #15,000 for domain name, ssl security renewal and website maintenance. Meaning that, you pay #45,000 for the domain name, web design, hosting and ssl security for the first year and #15,000 for subsequent years."
    }
  },
  {
    "model": "vtuapp.retailwebfrequentlyaskedquestion",
    "pk": 18,
    "fields": {
      "question": "Is SSL Security compulsory for my Retailer's website?",
      "answer": "Yes, it costs #5000 only. Contact support@legitdata.com.ngto confirm actual price."
    }
  },
  {
    "model": "sites.site",
    "pk": 1,
    "fields": { "domain": "legitdata.com.ng", "name": "legitdata.com.ng"}
  }
]
